Workbook

Sheet Petunjuk
A1: WORKSHEET 'REVEAL KEBOCORAN' — BukuPintar AI
A3: Alat bantu concierge: kerjakan pembukuan 1 bulan seorang seller secara manual,
A4: lalu tunjukkan KE MANA UANGNYA PERGI. Pakai ini saat membantu pilot (lihat Kit Concierge).
A6: CARA PAKAI (2 langkah):
A7: 1) Buka sheet 'Input Transaksi'. Ketik transaksi seller di sel BIRU.
A8: - Untuk PENJUALAN (Masuk): isi Nilai Kotor + rincian potongan (admin, ongkir, iklan).
A9: - Untuk PENGELUARAN (Keluar): isi Nilai Kotor saja (kolom potongan biarkan kosong/0).
A10: - Kolom 'Bersih Diterima' terisi OTOMATIS — jangan diketik.
A11: 2) Buka sheet 'Reveal — Ringkasan'. Semua angka & kalimat insight terisi OTOMATIS.
A12: Baca, lalu salin 'Kalimat Insight' untuk dikirim ke seller via WhatsApp.
A14: ARTI WARNA:
A15: • Teks BIRU = tempat Anda mengetik (input).
... A20: Tersedia 100 baris. Tambah baris bila perlu (salin format baris di atasnya).

Sheet Input Transaksi
A1: Tanggal | B1: Channel | C1: Jenis | D1: Kategori | E1: Nilai Kotor (Rp) | F1: Biaya Admin/Komisi (Rp) | G1: Ongkir Ditanggung (Rp) | H1: Biaya Iklan/Promo (Rp) | I1: Potongan Lain (Rp) | J1: Bersih Diterima (Rp)
A2: 46145 | B2: Shopee | C2: Masuk | D2: Penjualan Marketplace | E2: 5000000 | F2: 350000 | G2: 150000 | H2: 200000 | I2: 0 | J2: =IF(E2="","",IF(C2="Masuk",E2-SUM(F2:I2),-E2)) -> 4300000
A3: 46149 | B3: Tokopedia | C3: Masuk | D3: Penjualan Marketplace | E3: 3200000 | F3: 224000 | G3: 100000 | H3: 120000 | I3: 0 | J3: =IF(E3="","",IF(C3="Masuk",E3-SUM(F3:I3),-E3)) -> 2756000
A4: 46152 | B4: TikTok Shop | C4: Masuk | D4: Penjualan Marketplace | E4: 2800000 | F4: 252000 | G4: 80000 | H4: 300000 | I4: 0 | J4: =IF(E4="","",IF(C4="Masuk",E4-SUM(F4:I4),-E4)) -> 2168000
A5: 46154 | B5: QRIS | C5: Masuk | D5: Penjualan QRIS | E5: 1500000 | F5: 10500 | G5: 0 | H5: 0 | I5: 0 | J5: =IF(E5="","",IF(C5="Masuk",E5-SUM(F5:I5),-E5)) -> 1489500
A6: 46157 | B6: Cash/Tunai | C6: Masuk | D6: Penjualan | E6: 900000 | F6: 0 | G6: 0 | H6: 0 | I6: 0 | J6: =IF(E6="","",IF(C6="Masuk",E6-SUM(F6:I6),-E6)) -> 900000
A7: 46146 | B7: Bank/Transfer | C7: Keluar | D7: Pembelian Stok | E7: 4000000 | F7: 0 | G7: 0 | H7: 0 | I7: 0 | J7: =IF(E7="","",IF(C7="Masuk",E7-SUM(F7:I7),-E7)) -> -4000000
A8: 46150 | B8: Cash/Tunai | C8: Keluar | D8: Operasional Listrik | E8: 250000 | F8: 0 | G8: 0 | H8: 0 | I8: 0 | J8: =IF(E8="","",IF(C8="Masuk",E8-SUM(F8:I8),-E8)) -> -250000
A9: 46162 | B9: Bank/Transfer | C9: Keluar | D9: Gaji Karyawan | E9: 1500000 | F9: 0 | G9: 0 | H9: 0 | I9: 0 | J9: =IF(E9="","",IF(C9="Masuk",E9-SUM(F9:I9),-E9)) -> -1500000
J10: =IF(E10="","",IF(C10="Masuk",E10-SUM(F10:I10),-E10))
J11: =IF(E11="","",IF(C11="Masuk",E11-SUM(F11:I11),-E11))
J12: =IF(E12="","",IF(C12="Masuk",E12-SUM(F12:I12),-E12))
J13: =IF(E13="","",IF(C13="Masuk",E13-SUM(F13:I13),-E13))
J14: =IF(E14="","",IF(C14="Masuk",E14-SUM(F14:I14),-E14))
J15: =IF(E15="","",IF(C15="Masuk",E15-SUM(F15:I15),-E15))
J16: =IF(E16="","",IF(C16="Masuk",E16-SUM(F16:I16),-E16))
J17: =IF(E17="","",IF(C17="Masuk",E17-SUM(F17:I17),-E17))
J18: =IF(E18="","",IF(C18="Masuk",E18-SUM(F18:I18),-E18))
J19: =IF(E19="","",IF(C19="Masuk",E19-SUM(F19:I19),-E19))
J20: =IF(E20="","",IF(C20="Masuk",E20-SUM(F20:I20),-E20))
J21: =IF(E21="","",IF(C21="Masuk",E21-SUM(F21:I21),-E21))
... J101: =IF(E101="","",IF(C101="Masuk",E101-SUM(F101:I101),-E101))
A103: ↑ Baris 2–9 = CONTOH. Hapus & ganti dengan data nyata seller. Sel biru = ketik di sini.

Sheet Reveal — Ringkasan
A1: REVEAL — KE MANA UANG SELLER PERGI?
A2: Terisi otomatis dari sheet 'Input Transaksi'. Tinggal baca & kirim.
A4: RINGKASAN UTAMA
A5: Omzet Kotor (semua penjualan) | B5: =SUMIFS('Input Transaksi'!$E$2:$E$101,'Input Transaksi'!$C$2:$C$101,"Masuk") -> 13400000
A6: − Biaya Admin/Komisi | B6: =SUMIFS('Input Transaksi'!$F$2:$F$101,'Input Transaksi'!$C$2:$C$101,"Masuk") -> 836500
A7: − Ongkir Ditanggung Penjual | B7: =SUMIFS('Input Transaksi'!$G$2:$G$101,'Input Transaksi'!$C$2:$C$101,"Masuk") -> 330000
A8: − Biaya Iklan/Promo | B8: =SUMIFS('Input Transaksi'!$H$2:$H$101,'Input Transaksi'!$C$2:$C$101,"Masuk") -> 620000
A9: − Potongan Lain | B9: =SUMIFS('Input Transaksi'!$I$2:$I$101,'Input Transaksi'!$C$2:$C$101,"Masuk") -> 0
A10: TOTAL KEBOCORAN (potongan channel) | B10: =SUM(B6:B9) -> 1786500
A11: Penerimaan Bersih dari Penjualan | B11: =B5-B10 -> 11613500
A12: Pengeluaran Operasional | B12: =SUMIFS('Input Transaksi'!$E$2:$E$101,'Input Transaksi'!$C$2:$C$101,"Keluar") -> 5750000
A13: LABA BERSIH (ASLI) | B13: =B11-B12 -> 5863500
A14: Laba yang DIKIRA (kalau fee diabaikan) | B14: =B5-B12 -> 7650000
A15: Uang yang 'hilang' tanpa sadar | B15: =B14-B13 -> 1786500
A17: Margin ASLI | B17: =IF(B5=0,0,B13/B5) -> 0.43757463
A18: Margin yang DIKIRA | B18: =IF(B5=0,0,B14/B5) -> 0.57089552
A19: Selisih margin (poin %) | B19: =B18-B17 -> 0.1333209
A21: KEBOCORAN PER CHANNEL
A22: Channel | B22: Omzet Kotor | C22: Potongan | D22: Bersih | E22: % Potongan
A23: Shopee | B23: =SUMIFS('Input Transaksi'!$E$2:$E$101,'Input Transaksi'!$C$2:$C$101,"Masuk",'Input Transaksi'!$B$2:$B$101,A23) -> 5000000 | C23: =B23-D23 -> 700000 | D23: =SUMIFS('Input Transaksi'!$J$2:$J$101,'Input Transaksi'!$C$2:$C$101,"Masuk",'Input Transaksi'!$B$2:$B$101,A23) -> 4300000 | E23: =IF(B23=0,0,C23/B23) -> 0.14
A24: Tokopedia | B24: =SUMIFS('Input Transaksi'!$E$2:$E$101,'Input Transaksi'!$C$2:$C$101,"Masuk",'Input Transaksi'!$B$2:$B$101,A24) -> 3200000 | C24: =B24-D24 -> 444000 | D24: =SUMIFS('Input Transaksi'!$J$2:$J$101,'Input Transaksi'!$C$2:$C$101,"Masuk",'Input Transaksi'!$B$2:$B$101,A24) -> 2756000 | E24: =IF(B24=0,0,C24/B24) -> 0.13875
A25: TikTok Shop | B25: =SUMIFS('Input Transaksi'!$E$2:$E$101,'Input Transaksi'!$C$2:$C$101,"Masuk",'Input Transaksi'!$B$2:$B$101,A25) -> 2800000 | C25: =B25-D25 -> 632000 | D25: =SUMIFS('Input Transaksi'!$J$2:$J$101,'Input Transaksi'!$C$2:$C$101,"Masuk",'Input Transaksi'!$B$2:$B$101,A25) -> 2168000 | E25: =IF(B25=0,0,C25/B25) -> 0.22571429
A26: QRIS | B26: =SUMIFS('Input Transaksi'!$E$2:$E$101,'Input Transaksi'!$C$2:$C$101,"Masuk",'Input Transaksi'!$B$2:$B$101,A26) -> 1500000 | C26: =B26-D26 -> 10500 | D26: =SUMIFS('Input Transaksi'!$J$2:$J$101,'Input Transaksi'!$C$2:$C$101,"Masuk",'Input Transaksi'!$B$2:$B$101,A26) -> 1489500 | E26: =IF(B26=0,0,C26/B26) -> 0.007
A27: Bank/Transfer | B27: =SUMIFS('Input Transaksi'!$E$2:$E$101,'Input Transaksi'!$C$2:$C$101,"Masuk",'Input Transaksi'!$B$2:$B$101,A27) -> 0 | C27: =B27-D27 -> 0 | D27: =SUMIFS('Input Transaksi'!$J$2:$J$101,'Input Transaksi'!$C$2:$C$101,"Masuk",'Input Transaksi'!$B$2:$B$101,A27) -> 0 | E27: =IF(B27=0,0,C27/B27) -> 0
A28: GoPay | B28: =SUMIFS('Input Transaksi'!$E$2:$E$101,'Input Transaksi'!$C$2:$C$101,"Masuk",'Input Transaksi'!$B$2:$B$101,A28) -> 0 | C28: =B28-D28 -> 0 | D28: =SUMIFS('Input Transaksi'!$J$2:$J$101,'Input Transaksi'!$C$2:$C$101,"Masuk",'Input Transaksi'!$B$2:$B$101,A28) -> 0 | E28: =IF(B28=0,0,C28/B28) -> 0
A29: OVO | B29: =SUMIFS('Input Transaksi'!$E$2:$E$101,'Input Transaksi'!$C$2:$C$101,"Masuk",'Input Transaksi'!$B$2:$B$101,A29) -> 0 | C29: =B29-D29 -> 0 | D29: =SUMIFS('Input Transaksi'!$J$2:$J$101,'Input Transaksi'!$C$2:$C$101,"Masuk",'Input Transaksi'!$B$2:$B$101,A29) -> 0 | E29: =IF(B29=0,0,C29/B29) -> 0
A30: DANA | B30: =SUMIFS('Input Transaksi'!$E$2:$E$101,'Input Transaksi'!$C$2:$C$101,"Masuk",'Input Transaksi'!$B$2:$B$101,A30) -> 0 | C30: =B30-D30 -> 0 | D30: =SUMIFS('Input Transaksi'!$J$2:$J$101,'Input Transaksi'!$C$2:$C$101,"Masuk",'Input Transaksi'!$B$2:$B$101,A30) -> 0 | E30: =IF(B30=0,0,C30/B30) -> 0
A31: Cash/Tunai | B31: =SUMIFS('Input Transaksi'!$E$2:$E$101,'Input Transaksi'!$C$2:$C$101,"Masuk",'Input Transaksi'!$B$2:$B$101,A31) -> 900000 | C31: =B31-D31 -> 0 | D31: =SUMIFS('Input Transaksi'!$J$2:$J$101,'Input Transaksi'!$C$2:$C$101,"Masuk",'Input Transaksi'!$B$2:$B$101,A31) -> 900000 | E31: =IF(B31=0,0,C31/B31) -> 0
A32: Lainnya | B32: =SUMIFS('Input Transaksi'!$E$2:$E$101,'Input Transaksi'!$C$2:$C$101,"Masuk",'Input Transaksi'!$B$2:$B$101,A32) -> 0 | C32: =B32-D32 -> 0 | D32: =SUMIFS('Input Transaksi'!$J$2:$J$101,'Input Transaksi'!$C$2:$C$101,"Masuk",'Input Transaksi'!$B$2:$B$101,A32) -> 0 | E32: =IF(B32=0,0,C32/B32) -> 0
A33: TOTAL | B33: =SUM(B23:B32) -> 13400000 | C33: =SUM(C23:C32) -> 1786500 | D33: =SUM(D23:D32) -> 11613500 | E33: =IF(B33=0,0,C33/B33) -> 0.1333209
A35: KALIMAT INSIGHT (siap tempel ke WhatsApp seller):
A36: ="Bulan ini omzet kotor Rp "&TEXT(B5,"#,##0")&", tapi yang benar-benar masuk rekening Rp "&TEXT(B11,"#,##0")&". Sekitar Rp "&TEXT(B10,"#,##0")&" kepotong biaya channel (admin, ongkir, iklan). Margin asli "&TEXT(B17,"0.0%")&", bukan "&TEXT(B18,"0.0%")&" seperti yang dikira." -> Bulan ini omzet kotor Rp 13,400,000, tapi yang benar-benar masuk rekening Rp 11,613,500. Sekitar Rp 1,786,500 kepotong biaya channel (admin, ongkir, iklan). Margin asli 43.8%, bukan 57.1% seperti yang dikira.
